<?xml version="1.0" encoding="UTF-8"?>
<configuration>
    <appender name="LOKI" class="com.github.loki4j.logback.Loki4jAppender">
        <http>
            <url>http://loki:3100/loki/api/v1/push</url>
        </http>
        <format>
            <label>
                <pattern>app=${name},host=${HOSTNAME},level=%level</pattern>
                <readMarkers>true</readMarkers>
            </label>
            <message>
                <pattern>
                    {"level":"%level", "class":"%logger{36}", "thread":"%thread", "message": "%message", "requestId": "%X{X-Request-ID}"}
                </pattern>
            </message>
        </format>
    </appender>

    <root level="INFO">
        <appender-ref ref="LOKI" />
    </root>
</configuration>